Description,Design,Actual,
Heating,1550,25398.8096048324,
Hot Water,6000,2000,
Auxiliary,16000,9710.49829523094,
Lighting,16000,16012.8424043264,
ICT + Misc power,56158.49175,17223.509540134,
Kitchen Equip.,18504.98,15968.4257791936,
Ext. Lighting,1095.36,6833.30055174613,
