Description,Design,Actual,
Total Carbon,61636.34881195,56502.0302486188,
