,Design,Actual,
Total Carbon,61.63634881195,56.5020302486188,
